Term,Definition,Affected Product or Team,Article Title
RevService,"Appears in article: Revservice Revuser Password Change. Context suggests it is related to: Software and User Menu,.","Software and User Menu,",Revservice Revuser Password Change
RevUser,"Appears in article: Revservice Revuser Password Change. Context suggests it is related to: Software and User Menu,.","Software and User Menu,",Revservice Revuser Password Change
Paragon,"Appears in article: Paragon 500 Series - Pelican Top Cover Washer. Context suggests it is related to: Glory General,.","Glory General,",Paragon 500 Series - Pelican Top Cover Washer
BCR,"Appears in article: Paragon 500 Series - Pelican Top Cover Washer. Context suggests it is related to: Glory General,.","Glory General,",Paragon 500 Series - Pelican Top Cover Washer
G750L,"Appears in article: 7500 Series. Context suggests it is related to: Glory General,.","Glory General,",7500 Series
Mach 6,"Appears in article: 7000 Series. Context suggests it is related to: Glory General,.","Glory General,",7000 Series
Paragon 3,"Appears in article: 2017 Spec Sheets. Context suggests it is related to: Glory General,.","Glory General,",2017 Spec Sheets
Quantum,"Appears in article: 2017 Spec Sheets. Context suggests it is related to: Glory General,.","Glory General,",2017 Spec Sheets
Fortis,"Appears in article: 2017 Spec Sheets. Context suggests it is related to: Glory General,.","Glory General,",2017 Spec Sheets
Paragon 3S,"Appears in article: Paragon 3S. Context suggests it is related to: Glory General,.","Glory General,",Paragon 3S
PM,"Appears in article: Handling Pm/New Install Calls. Context suggests it is related to: Glory General,.","Glory General,",Handling Pm/New Install Calls
BNR,"Appears in article: Install Calls. Context suggests it is related to: Glory General,.","Glory General,",Install Calls
Netsuite,"Appears in article: New Netsuite Cases. Context suggests it is related to: Glory General,.","Glory General,",New Netsuite Cases
NetSuite,"Appears in article: Netsuite To Risk Edi Process. Context suggests it is related to: Glory General,.","Glory General,",Netsuite To Risk Edi Process
11D,"Appears in article: Out Of Scope Guidelines All Units. Context suggests it is related to: Glory General,.","Glory General,",Out Of Scope Guidelines All Units
REACH,"Appears in article: After Hours Service. Context suggests it is related to: Glory General,.","Glory General,",After Hours Service
BCR2,"Appears in article: End User - Bcr2 Cleaning Tips. Context suggests it is related to: BCR Troublshooting,.","BCR Troublshooting,",End User - Bcr2 Cleaning Tips
reach,"Appears in article: Svw Sow Requirements For Kwik Trip. Context suggests it is related to: Install Team,.","Install Team,",Svw Sow Requirements For Kwik Trip
Quantum XL,"Appears in article: Revolution Quantum Xl Installation  Manual. Context suggests it is related to: Install Team,.","Install Team,",Revolution Quantum Xl Installation  Manual
QUANTUM,"Appears in article: Revolution Quantum Xl Installation  Manual. Context suggests it is related to: Install Team,.","Install Team,",Revolution Quantum Xl Installation  Manual
Paragon L,"Appears in article: Costco Canadian Paragon L Hopper Setup. Context suggests it is related to: BCR Troublshooting,.","BCR Troublshooting,",Costco Canadian Paragon L Hopper Setup
G750,"Appears in article: G750 Shipping Brackets. Context suggests it is related to: Install Team,.","Install Team,",G750 Shipping Brackets
Atom PC,"Appears in article: Left Bnr Distribution Board. Context suggests it is related to: BNR Troublshooting,Diagrams,.","BNR Troublshooting,Diagrams,",Left Bnr Distribution Board
BCR2U,"Appears in article: Bcr2U Hopper Diagram. Context suggests it is related to: BCR Troublshooting,Diagrams,.","BCR Troublshooting,Diagrams,",Bcr2U Hopper Diagram
G610,"Appears in article: Atom Pc. Context suggests it is related to: Diagrams,.","Diagrams,",Atom Pc
Paragon SE,"Appears in article: Paragon Se Series - V3 Hd Bcr 500. Context suggests it is related to: Diagrams,.","Diagrams,",Paragon Se Series - V3 Hd Bcr 500
Paragon S,"Appears in article: Paragon S Series - Bcr 500 Hd. Context suggests it is related to: Diagrams,.","Diagrams,",Paragon S Series - Bcr 500 Hd
pm,"Appears in article: Target. Context suggests it is related to: Customers,.","Customers,",Target
Pm,"Appears in article: G610/611 Escrow Timing Instructions. Context suggests it is related to: BNR Troublshooting,.","BNR Troublshooting,",G610/611 Escrow Timing Instructions
atom PC,"Appears in article: Exchanging The Atom Pc. Context suggests it is related to: BNR Troublshooting,.","BNR Troublshooting,",Exchanging The Atom Pc
Bnr,"Appears in article: Quantum/Gsr50 Gui Setup. Context suggests it is related to: BNR Troublshooting,Quantum Troubleshooting,Software and User Menu,.","BNR Troublshooting,Quantum Troubleshooting,Software and User Menu,",Quantum/Gsr50 Gui Setup
12b,"Appears in article: G750L Access Points. Context suggests it is related to: Access Points,.","Access Points,",G750L Access Points
touch computer,"Appears in article: Software Update 4.11 - 4.12. Context suggests it is related to: Software and User Menu,.","Software and User Menu,",Software Update 4.11 - 4.12
NETSUITE,"Appears in article: Searching By Equipment Id. Context suggests it is related to: Glory General,.","Glory General,",Searching By Equipment Id
paragon,"Appears in article: Models & Spec Sheets. Context suggests it is related to: Glory General,.","Glory General,",Models & Spec Sheets
3000,"Appears in article: 7500 Capacity (P4S). Context suggests it is related to: Glory General,.","Glory General,",7500 Capacity (P4S)
Paragon 3L,"Appears in article: Paragon 3L. Context suggests it is related to: Glory General,.","Glory General,",Paragon 3L
Touch Computer,"Appears in article: Touch Computer Replacement. Context suggests it is related to: Software and Touch PC's,.","Software and Touch PC's,",Touch Computer Replacement
Vend Limit,"Appears in article: Vend Limits. Context suggests it is related to: Software and Touch PC's,.","Software and Touch PC's,",Vend Limits
RAS,"Appears in article: 16** - 1650. Context suggests it is related to: Quantum Status Codes,.","Quantum Status Codes,",16** - 1650
ATOM PC,"Appears in article: D1501 610/611. Context suggests it is related to: BNR Troublshooting,610-611 Status Codes,.","BNR Troublshooting,610-611 Status Codes,",D1501 610/611
Revservice,"Appears in article: D1501 610/611. Context suggests it is related to: BNR Troublshooting,610-611 Status Codes,.","BNR Troublshooting,610-611 Status Codes,",D1501 610/611
G611,"Appears in article: F104*. Context suggests it is related to: BNR Troublshooting,610-611 Status Codes,.","BNR Troublshooting,610-611 Status Codes,",F104*
Reach,"Appears in article: E2** Jam, Note Doesn'T Reach Sensor In Time. Context suggests it is related to: BNR Troublshooting,610-611 Status Codes,.","BNR Troublshooting,610-611 Status Codes,","E2** Jam, Note Doesn'T Reach Sensor In Time"
vend limit,"Appears in article: 120. Context suggests it is related to: BCR Troublshooting,Status codes BCR,.","BCR Troublshooting,Status codes BCR,",120
revservice,"Appears in article: D15**. Context suggests it is related to: 730L-750L Status Codes,.","730L-750L Status Codes,",D15**
IOT,"Appears in article: Glossary. Context suggests it is related to: Glory General,.","Glory General,",Glossary
pM,"Appears in article: Scheduling Preventative Maintenance For G4S Cash Recycler. Context suggests it is related to: Customers,Glory General,.","Customers,Glory General,",Scheduling Preventative Maintenance For G4S Cash Recycler
Help Lightning,"Appears in article: Help Lightning Tips. Context suggests it is related to: Glory General,.","Glory General,",Help Lightning Tips
help lightning,"Appears in article: Help Lightning Usage Guide. Context suggests it is related to: Glory General,.","Glory General,",Help Lightning Usage Guide
raS,Appears in article: Kwik Pick Courier Pickup. Context suggests it is related to: Customers.,Customers,Kwik Pick Courier Pickup
CI-300BX,"Appears in article: Ci-300Bx Instruction Manual. Context suggests it is related to: CI-300X,.","CI-300X,",Ci-300Bx Instruction Manual
CI-300X,"Appears in article: Ci-300X/500X Status Codes. Context suggests it is related to: CI-300X,.","CI-300X,",Ci-300X/500X Status Codes
CI-500X,"Appears in article: Ci-300X/500X Status Codes. Context suggests it is related to: CI-300X,.","CI-300X,",Ci-300X/500X Status Codes
CI-500BX,"Appears in article: Ci-300X - Walmart Installation Manual. Context suggests it is related to: CI-300X,Walmart Rollout,.","CI-300X,Walmart Rollout,",Ci-300X - Walmart Installation Manual
CI-500,"Appears in article: Ci-300Bx/Ci-500Bx Parts List. Context suggests it is related to: CI-X Parts Lists,.","CI-X Parts Lists,",Ci-300Bx/Ci-500Bx Parts List
CI-300,"Appears in article: Ci-300Bx/Ci-500Bx Parts List. Context suggests it is related to: CI-X Parts Lists,.","CI-X Parts Lists,",Ci-300Bx/Ci-500Bx Parts List
CI-300x,"Appears in article: Ci-300Bx/Ci-500Bx Parts List. Context suggests it is related to: CI-X Parts Lists,.","CI-X Parts Lists,",Ci-300Bx/Ci-500Bx Parts List
